"","day","method","sample","sample_no","time","accu","rps"
"1",2,"t",106,19,3.95,0.610778443113772,0.168369956853943
"2",3,"t",106,19,4.10999999999999,0.610778443113772,0.168369956853943
"3",2,"t",106,21,3.95,0.598802395209581,0.169047161625073
"4",3,"t",106,21,4.10999999999999,0.598802395209581,0.169047161625073
"5",3,"s",106,19,2.88,0.580838323353293,0.169314259683016
"6",2,"t",106,25,3.95,0.598802395209581,0.169712774354087
"7",3,"t",106,25,4.10999999999999,0.598802395209581,0.169712774354087
"8",3,"s",142,21,2.88,0.580838323353293,0.16977951396549
"9",3,"s",142,25,2.88,0.598802395209581,0.169860125300759
"10",3,"s",160,19,2.88,0.598802395209581,0.169891158625184
"11",2,"t",142,25,3.95,0.580838323353293,0.169959313994362
"12",3,"t",142,25,4.10999999999999,0.580838323353293,0.169959313994362
"13",4,"w",106,19,1.91999999999996,0.586826347305389,0.169969236175831
"14",3,"s",106,21,2.88,0.586826347305389,0.170014333827789
"15",3,"s",142,23,2.88,0.598802395209581,0.170166284833954
"16",2,"t",142,21,3.95,0.598802395209581,0.170200130195028
"17",3,"t",142,21,4.10999999999999,0.598802395209581,0.170200130195028
"18",2,"t",106,23,3.95,0.604790419161677,0.170340662008721
"19",3,"t",106,23,4.10999999999999,0.604790419161677,0.170340662008721
"20",3,"w",106,19,2,0.562874251497006,0.170341959796403
"21",2,"t",142,19,3.95,0.586826347305389,0.170587173914246
"22",3,"t",142,19,4.10999999999999,0.586826347305389,0.170587173914246
"23",4,"t",160,19,3.94999999999999,0.586826347305389,0.170610394346136
"24",4,"w",142,25,1.91999999999996,0.592814371257485,0.170613706953979
"25",2,"t",160,19,3.95,0.592814371257485,0.170627071317191
"26",3,"t",160,19,4.10999999999999,0.592814371257485,0.170627071317191
"27",4,"w",106,21,1.91999999999996,0.586826347305389,0.170651331145831
"28",2,"t",142,23,3.95,0.598802395209581,0.170714539070204
"29",3,"t",142,23,4.10999999999999,0.598802395209581,0.170714539070204
"30",3,"s",142,19,2.88,0.580838323353293,0.170756649658148
"31",3,"w",142,25,2,0.574850299401198,0.17081485068238
"32",3,"s",106,25,2.88,0.568862275449102,0.170908769097861
"33",4,"w",160,19,1.91999999999996,0.598802395209581,0.170941086416078
"34",2,"s",106,19,3.28,0.55688622754491,0.170999446298493
"35",3,"w",106,21,2,0.568862275449102,0.171044737186094
"36",3,"w",142,21,2,0.574850299401198,0.171117551139526
"37",3,"w",160,19,2,0.580838323353293,0.171185021351217
"38",4,"w",142,21,1.91999999999996,0.574850299401198,0.171196482611402
"39",4,"s",106,19,2.81,0.586826347305389,0.171199568557428
"40",3,"s",106,23,2.88,0.580838323353293,0.171319811007318
"41",3,"w",142,23,2,0.580838323353293,0.171517737578867
"42",4,"s",160,19,2.81,0.604790419161677,0.171553037382388
"43",4,"w",142,23,1.91999999999996,0.568862275449102,0.171561933621013
"44",2,"s",106,21,3.28,0.544910179640719,0.171691126244699
"45",4,"t",169,21,3.94999999999999,0.55688622754491,0.171728476655431
"46",4,"t",166,19,3.94999999999999,0.580838323353293,0.171730409980089
"47",4,"w",106,25,1.91999999999996,0.586826347305389,0.171759955326277
"48",3,"s",169,21,2.88,0.610778443113772,0.171831987234159
"49",4,"s",106,21,2.81,0.574850299401198,0.171856584095067
"50",4,"t",106,19,3.94999999999999,0.568862275449102,0.171859511167364
"51",4,"t",169,19,3.94999999999999,0.55688622754491,0.17187341442889
"52",3,"s",160,21,2.88,0.574850299401198,0.171933116282948
"53",3,"s",169,19,2.88,0.598802395209581,0.17197473630156
"54",2,"t",167,21,3.95,0.580838323353293,0.172028791025332
"55",3,"t",167,21,4.10999999999999,0.580838323353293,0.172028791025332
"56",2,"t",167,19,3.95,0.604790419161677,0.172033178003185
"57",3,"t",167,19,4.10999999999999,0.604790419161677,0.172033178003185
"58",4,"t",177,19,3.94999999999999,0.580838323353293,0.172034854792582
"59",4,"w",142,19,1.91999999999996,0.568862275449102,0.172050075972566
"60",4,"w",106,23,1.91999999999996,0.598802395209581,0.172073576205957
"61",2,"w",106,19,2.44,0.562874251497006,0.172084606455129
"62",3,"w",142,19,2,0.574850299401198,0.172104569545998
"63",4,"s",169,21,2.81,0.568862275449102,0.172109074971858
"64",2,"s",142,25,3.28,0.55688622754491,0.172118649118451
"65",2,"t",169,21,3.95,0.586826347305389,0.172170993582119
"66",3,"t",169,21,4.10999999999999,0.586826347305389,0.172170993582119
"67",2,"t",169,25,3.95,0.604790419161677,0.172260148015937
"68",3,"t",169,25,4.10999999999999,0.604790419161677,0.172260148015937
"69",2,"t",169,19,3.95,0.580838323353293,0.172298913239005
"70",3,"t",169,19,4.10999999999999,0.580838323353293,0.172298913239005
"71",4,"s",169,19,2.81,0.55688622754491,0.17231937540665
"72",3,"s",167,21,2.88,0.586826347305389,0.17244713631296
"73",3,"w",106,25,2,0.574850299401198,0.172463251961038
"74",3,"s",160,23,2.88,0.586826347305389,0.172465129536313
"75",3,"w",106,23,2,0.574850299401198,0.17247093304411
"76",4,"t",106,21,3.94999999999999,0.580838323353293,0.172473175770706
"77",3,"s",167,19,2.88,0.592814371257485,0.172517751722632
"78",2,"w",142,25,2.44,0.544910179640719,0.172528924736446
"79",2,"w",160,19,2.44,0.580838323353293,0.172594970423752
"80",2,"t",169,23,3.95,0.592814371257485,0.172608420881118
"81",3,"t",169,23,4.10999999999999,0.592814371257485,0.172608420881118
"82",4,"s",166,19,2.81,0.598802395209581,0.172623907921135
"83",4,"s",142,25,2.81,0.574850299401198,0.172627495361061
"84",3,"s",160,25,2.88,0.580838323353293,0.172634838037069
"85",4,"t",160,21,3.94999999999999,0.574850299401198,0.172659620873711
"86",4,"t",169,23,3.94999999999999,0.550898203592814,0.172695047767563
"87",2,"t",160,21,3.95,0.568862275449102,0.172738144915857
"88",3,"t",160,21,4.10999999999999,0.568862275449102,0.172738144915857
"89",3,"s",169,25,2.88,0.592814371257485,0.172743550614115
"90",2,"s",142,21,3.28,0.562874251497006,0.172743848349662
"91",3,"s",166,19,2.88,0.592814371257485,0.172750764566601
"92",4,"t",142,21,3.94999999999999,0.580838323353293,0.172785482198758
"93",3,"s",169,23,2.88,0.586826347305389,0.172787034502043
"94",4,"t",169,25,3.94999999999999,0.544910179640719,0.172800443139533
"95",4,"t",160,23,3.94999999999999,0.574850299401198,0.172830316186839
"96",2,"w",106,21,2.44,0.568862275449102,0.172842337986986
"97",4,"w",160,21,1.91999999999996,0.55688622754491,0.172850387247763
"98",2,"w",142,21,2.44,0.586826347305389,0.172871053838765
"99",2,"s",160,19,3.28,0.586826347305389,0.172876247947725
"100",4,"s",142,21,2.81,0.574850299401198,0.172894887874777
"101",2,"s",142,19,3.28,0.562874251497006,0.172931675268981
"102",4,"s",165,19,2.81,0.580838323353293,0.172950245925446
"103",4,"t",171,19,3.94999999999999,0.550898203592814,0.172971458906855
"104",4,"s",106,25,2.81,0.574850299401198,0.173063916669952
"105",4,"w",169,21,1.91999999999996,0.598802395209581,0.173079307685244
"106",4,"t",166,21,3.94999999999999,0.562874251497006,0.173080307332575
"107",2,"t",173,21,3.95,0.568862275449102,0.173113845366719
"108",3,"t",173,21,4.10999999999999,0.568862275449102,0.173113845366719
"109",4,"t",142,23,3.94999999999999,0.580838323353293,0.173122841274884
"110",3,"s",173,21,2.88,0.580838323353293,0.173126147580235
"111",2,"s",106,25,3.28,0.55688622754491,0.173135808707157
"112",2,"s",167,19,3.28,0.568862275449102,0.173147429417058
"113",4,"w",160,23,1.91999999999996,0.562874251497006,0.17316137074028
"114",4,"t",142,19,3.94999999999999,0.580838323353293,0.173182525750761
"115",3,"s",172,25,2.88,0.604790419161677,0.173182604506829
"116",2,"s",142,23,3.28,0.568862275449102,0.173183653694505
"117",4,"w",169,19,1.91999999999996,0.592814371257485,0.173189621677934
"118",4,"s",166,21,2.81,0.580838323353293,0.173202428343056
"119",3,"w",167,19,2,0.580838323353293,0.173208647694946
"120",4,"s",160,21,2.81,0.574850299401198,0.173211176189249
"121",2,"s",106,23,3.28,0.562874251497006,0.173223643906603
"122",2,"w",142,23,2.44,0.586826347305389,0.173225577963439
"123",4,"s",142,23,2.81,0.574850299401198,0.17325035832976
"124",3,"w",167,21,2,0.562874251497006,0.173251251163932
"125",4,"s",160,23,2.81,0.568862275449102,0.17325567782752
"126",4,"s",106,23,2.81,0.574850299401198,0.173260965876379
"127",4,"s",169,23,2.81,0.550898203592814,0.173287626772231
"128",3,"w",160,21,2,0.574850299401198,0.173316857423526
"129",3,"s",172,23,2.88,0.592814371257485,0.173330981105663
"130",4,"t",165,25,3.94999999999999,0.604790419161677,0.173338751697316
"131",4,"t",160,25,3.94999999999999,0.580838323353293,0.173347096236983
"132",2,"s",167,21,3.28,0.55688622754491,0.173349518192283
"133",3,"s",172,21,2.88,0.580838323353293,0.173352401491854
"134",4,"w",176,19,1.91999999999996,0.568862275449102,0.173369596716626
"135",2,"t",165,25,3.95,0.586826347305389,0.173414756172432
"136",3,"t",165,25,4.10999999999999,0.586826347305389,0.173414756172432
"137",4,"w",160,25,1.91999999999996,0.568862275449102,0.173426267991062
"138",2,"t",160,23,3.95,0.562874251497006,0.173443239454189
"139",3,"t",160,23,4.10999999999999,0.562874251497006,0.173443239454189
"140",4,"w",165,19,1.91999999999996,0.586826347305389,0.173446745689859
"141",4,"s",169,25,2.81,0.538922155688623,0.173449784948151
"142",4,"t",177,25,3.94999999999999,0.574850299401198,0.173455761651609
"143",4,"s",176,19,2.81,0.574850299401198,0.173463269064754
"144",4,"w",173,21,1.91999999999996,0.580838323353293,0.173469047392907
"145",3,"s",164,23,2.88,0.598802395209581,0.173481977609641
"146",4,"w",167,19,1.91999999999996,0.574850299401198,0.173486586441065
"147",3,"s",171,19,2.88,0.574850299401198,0.173489433177029
"148",2,"t",173,25,3.95,0.562874251497006,0.173526964048187
"149",3,"t",173,25,4.10999999999999,0.562874251497006,0.173526964048187
"150",4,"t",177,23,3.94999999999999,0.568862275449102,0.173529712049774
"151",3,"w",176,19,2,0.574850299401198,0.173543965361168
"152",4,"s",142,19,2.81,0.586826347305389,0.173545875844257
"153",3,"s",165,25,2.88,0.604790419161677,0.17355625344049
"154",3,"s",176,19,2.88,0.574850299401198,0.173556747129143
"155",4,"t",177,21,3.94999999999999,0.568862275449102,0.173603693732298
"156",4,"t",106,25,3.94999999999999,0.562874251497006,0.17360430825038
"157",2,"w",142,19,2.44,0.562874251497006,0.173613533067865
"158",4,"s",177,19,2.81,0.586826347305389,0.173645743553161
"159",4,"t",165,19,3.94999999999999,0.580838323353293,0.173659405567425
"160",4,"w",165,25,1.91999999999996,0.586826347305389,0.173677762970342
"161",4,"s",160,25,2.81,0.580838323353293,0.173705423302904
"162",2,"t",160,25,3.95,0.568862275449102,0.173705987859431
"163",3,"t",160,25,4.10999999999999,0.568862275449102,0.173705987859431
"164",3,"w",173,21,2,0.568862275449102,0.173715213687394
"165",4,"w",169,25,1.91999999999996,0.568862275449102,0.173727925765005
"166",4,"t",142,25,3.94999999999999,0.568862275449102,0.173729744843502
"167",4,"w",167,21,1.91999999999996,0.574850299401198,0.173730483652836
"168",2,"t",173,19,3.95,0.568862275449102,0.173741505674387
"169",3,"t",173,19,4.10999999999999,0.568862275449102,0.173741505674387
"170",4,"w",166,19,1.91999999999996,0.568862275449102,0.17377693069408
"171",4,"w",164,23,1.91999999999996,0.580838323353293,0.173792093962305
"172",3,"s",173,19,2.88,0.568862275449102,0.173794405113178
"173",4,"t",106,23,3.94999999999999,0.562874251497006,0.173808807865804
"174",4,"w",169,23,1.91999999999996,0.568862275449102,0.173826582214048
"175",3,"w",169,21,2,0.586826347305389,0.173846977831285
"176",3,"w",169,19,2,0.574850299401198,0.173859812026994
"177",4,"s",165,25,2.81,0.610778443113772,0.173863449286837
"178",3,"w",160,23,2,0.574850299401198,0.173881596423405
"179",2,"t",165,19,3.95,0.580838323353293,0.173890821894067
"180",3,"t",165,19,4.10999999999999,0.580838323353293,0.173890821894067
"181",4,"s",171,19,2.81,0.55688622754491,0.173921747612223
"182",2,"w",167,19,2.44,0.55688622754491,0.174066484347073
"183",4,"w",172,23,1.91999999999996,0.574850299401198,0.174076935442665
"184",4,"s",165,23,2.81,0.586826347305389,0.174098446594267
"185",3,"w",160,25,2,0.568862275449102,0.174105028178592
"186",4,"t",165,23,3.94999999999999,0.586826347305389,0.174108661277257
"187",3,"w",164,23,2,0.574850299401198,0.174130387759523
"188",4,"t",176,19,3.94999999999999,0.562874251497006,0.174136047356834
"189",4,"w",173,19,1.91999999999996,0.568862275449102,0.174161268203529
"190",4,"w",172,21,1.91999999999996,0.580838323353293,0.174195249138749
"191",2,"w",167,21,2.44,0.562874251497006,0.17421576601202
"192",3,"w",173,19,2,0.568862275449102,0.174231820124433
"193",3,"w",169,25,2,0.562874251497006,0.17423284626946
"194",2,"w",176,19,2.44,0.55688622754491,0.17424313153751
"195",2,"t",173,23,3.95,0.580838323353293,0.174248349475528
"196",3,"t",173,23,4.10999999999999,0.580838323353293,0.174248349475528
"197",2,"t",166,19,3.95,0.574850299401198,0.17427245769793
"198",3,"t",166,19,4.10999999999999,0.574850299401198,0.17427245769793
"199",3,"w",169,23,2,0.550898203592814,0.174276830636473
"200",2,"t",172,21,3.95,0.568862275449102,0.174300306038095
"201",3,"t",172,21,4.10999999999999,0.568862275449102,0.174300306038095
"202",4,"w",164,21,1.91999999999996,0.562874251497006,0.174303184693007
"203",3,"s",164,21,2.88,0.574850299401198,0.174318867351571
"204",3,"w",172,23,2,0.574850299401198,0.174320425727915
"205",2,"t",176,19,3.95,0.568862275449102,0.174334308539374
"206",3,"t",176,19,4.10999999999999,0.568862275449102,0.174334308539374
"207",3,"s",165,19,2.88,0.586826347305389,0.174343579571493
"208",4,"w",165,23,1.91999999999996,0.598802395209581,0.174347498086754
"209",3,"w",172,21,2,0.568862275449102,0.174375457765021
"210",3,"s",172,19,2.88,0.580838323353293,0.174409600950324
"211",2,"w",106,23,2.44,0.550898203592814,0.174416994336962
"212",4,"w",173,25,1.91999999999996,0.562874251497006,0.17442621279815
"213",3,"s",177,19,2.88,0.586826347305389,0.174429529116943
"214",3,"w",165,25,2,0.592814371257485,0.174432928208341
"215",4,"s",173,21,2.81,0.562874251497006,0.174480163399674
"216",4,"s",176,21,2.81,0.568862275449102,0.174482509287658
"217",2,"t",172,19,3.95,0.586826347305389,0.174485767725398
"218",3,"t",172,19,4.10999999999999,0.586826347305389,0.174485767725398
"219",3,"s",180,25,2.88,0.574850299401198,0.174492147333229
"220",2,"t",172,23,3.95,0.568862275449102,0.174508592386546
"221",3,"t",172,23,4.10999999999999,0.568862275449102,0.174508592386546
"222",4,"s",164,21,2.81,0.580838323353293,0.174512715852667
"223",4,"w",172,25,1.91999999999996,0.586826347305389,0.174523889914345
"224",4,"t",176,21,3.94999999999999,0.562874251497006,0.17453766372761
"225",3,"s",173,25,2.88,0.580838323353293,0.174557086114512
"226",3,"w",173,25,2,0.562874251497006,0.17456255453484
"227",4,"w",171,19,1.91999999999996,0.568862275449102,0.174563307236075
"228",4,"s",164,23,2.81,0.562874251497006,0.174565597606454
"229",3,"w",165,19,2,0.568862275449102,0.174567068410932
"230",2,"t",170,21,3.95,0.55688622754491,0.174573962688495
"231",3,"t",170,21,4.10999999999999,0.55688622754491,0.174573962688495
"232",3,"s",165,23,2.88,0.592814371257485,0.17458699426549
"233",4,"t",164,21,3.94999999999999,0.586826347305389,0.174588357301945
"234",2,"s",169,25,3.28,0.544910179640719,0.174597453430526
"235",4,"t",166,23,3.94999999999999,0.562874251497006,0.174617984365597
"236",2,"w",173,21,2.44,0.55688622754491,0.174629019238275
"237",4,"s",176,23,2.81,0.574850299401198,0.174631435771996
"238",2,"s",173,21,3.28,0.550898203592814,0.174686379513785
"239",2,"t",164,23,3.95,0.550898203592814,0.174696419403718
"240",3,"t",164,23,4.10999999999999,0.550898203592814,0.174696419403718
"241",4,"t",165,21,3.94999999999999,0.580838323353293,0.174699115326797
"242",4,"t",173,21,3.94999999999999,0.55688622754491,0.174706252604955
"243",4,"w",173,23,1.91999999999996,0.574850299401198,0.174725413273137
"244",4,"s",166,23,2.81,0.568862275449102,0.174731756435044
"245",3,"w",172,19,2,0.592814371257485,0.17474260558095
"246",3,"s",170,21,2.88,0.55688622754491,0.174742827902822
"247",3,"w",176,23,2,0.574850299401198,0.174750321027635
"248",3,"s",180,23,2.88,0.580838323353293,0.174758163255444
"249",4,"t",176,23,3.94999999999999,0.55688622754491,0.174764458948486
"250",4,"w",176,21,1.91999999999996,0.580838323353293,0.174780159094731
"251",3,"s",164,19,2.88,0.568862275449102,0.174785059133618
"252",4,"w",176,23,1.91999999999996,0.580838323353293,0.174813108240131
"253",3,"w",176,21,2,0.574850299401198,0.174821340701945
"254",4,"w",164,19,1.91999999999996,0.586826347305389,0.174825142425509
"255",2,"t",170,23,3.95,0.562874251497006,0.174832226852131
"256",3,"t",170,23,4.10999999999999,0.562874251497006,0.174832226852131
"257",2,"s",169,23,3.28,0.544910179640719,0.174833020738963
"258",3,"w",173,23,2,0.55688622754491,0.174843084695192
"259",2,"t",171,19,3.95,0.574850299401198,0.174848701683614
"260",3,"t",171,19,4.10999999999999,0.574850299401198,0.174848701683614
"261",4,"t",164,19,3.94999999999999,0.586826347305389,0.17484998813313
"262",2,"w",106,25,2.44,0.544910179640719,0.174850375439687
"263",4,"t",164,23,3.94999999999999,0.574850299401198,0.174864887521619
"264",4,"s",165,21,2.81,0.586826347305389,0.174870137501454
"265",2,"w",176,23,2.44,0.568862275449102,0.174884873465938
"266",4,"s",177,25,2.81,0.580838323353293,0.174909151361492
"267",3,"s",168,21,2.88,0.55688622754491,0.174911283734794
"268",2,"w",160,21,2.44,0.568862275449102,0.17491933127649
"269",2,"s",165,19,3.28,0.574850299401198,0.174929433320794
"270",2,"s",160,21,3.28,0.580838323353293,0.17493308596693
"271",2,"w",164,23,2.44,0.568862275449102,0.174937474454941
"272",2,"t",168,21,3.95,0.562874251497006,0.174950397131343
"273",3,"t",168,21,4.10999999999999,0.562874251497006,0.174950397131343
"274",2,"w",173,19,2.44,0.568862275449102,0.174960768408312
"275",3,"s",170,23,2.88,0.55688622754491,0.174973574659411
"276",3,"s",173,23,2.88,0.580838323353293,0.174974848389525
"277",4,"w",166,21,1.91999999999996,0.574850299401198,0.174977701731652
"278",4,"w",165,21,1.91999999999996,0.598802395209581,0.174993507581841
"279",3,"w",164,21,2,0.562874251497006,0.175005902714598
"280",2,"t",172,25,3.95,0.574850299401198,0.175010726161794
"281",3,"t",172,25,4.10999999999999,0.574850299401198,0.175010726161794
"282",2,"s",173,19,3.28,0.562874251497006,0.175011054502784
"283",2,"t",164,21,3.95,0.55688622754491,0.175033023567655
"284",3,"t",164,21,4.10999999999999,0.55688622754491,0.175033023567655
"285",2,"t",165,23,3.95,0.574850299401198,0.175041983419746
"286",3,"t",165,23,4.10999999999999,0.574850299401198,0.175041983419746
"287",3,"s",176,21,2.88,0.562874251497006,0.175050108088
"288",2,"s",169,19,3.28,0.55688622754491,0.175057599473394
"289",3,"w",166,19,2,0.562874251497006,0.175071821084609
"290",2,"s",173,25,3.28,0.568862275449102,0.175078855548134
"291",4,"w",172,19,1.91999999999996,0.598802395209581,0.175086267963971
"292",2,"w",176,21,2.44,0.562874251497006,0.175098567555657
"293",3,"s",176,23,2.88,0.580838323353293,0.175116951479337
"294",3,"w",165,23,2,0.562874251497006,0.175124002918894
"295",4,"s",164,19,2.81,0.580838323353293,0.175124039761656
"296",3,"s",166,21,2.88,0.592814371257485,0.175125521509067
"297",4,"s",167,19,2.81,0.580838323353293,0.175135192653933
"298",2,"t",167,23,3.95,0.580838323353293,0.175136281465871
"299",3,"t",167,23,4.10999999999999,0.580838323353293,0.175136281465871
"300",3,"w",172,25,2,0.580838323353293,0.175150023903343
"301",2,"s",169,21,3.28,0.568862275449102,0.175157512011859
"302",2,"s",176,19,3.28,0.562874251497006,0.175178546502307
"303",3,"s",165,21,2.88,0.592814371257485,0.175215660441198
"304",4,"s",177,21,2.81,0.574850299401198,0.175256604543622
"305",4,"s",173,19,2.81,0.574850299401198,0.175256766530935
"306",3,"w",164,19,2,0.580838323353293,0.175273585482708
"307",4,"t",172,25,3.94999999999999,0.55688622754491,0.175288581261339
"308",3,"s",167,23,2.88,0.592814371257485,0.17531540645504
"309",4,"s",177,23,2.81,0.568862275449102,0.17535338261878
"310",3,"w",167,23,2,0.568862275449102,0.175353548296511
"311",4,"t",172,21,3.94999999999999,0.568862275449102,0.175353721155949
"312",2,"s",173,23,3.28,0.580838323353293,0.175362971365017
"313",2,"s",164,23,3.28,0.574850299401198,0.175383103389142
"314",3,"w",171,19,2,0.574850299401198,0.175390639908888
"315",2,"w",173,23,2.44,0.562874251497006,0.175410788218976
"316",2,"w",160,23,2.44,0.574850299401198,0.175411993400721
"317",2,"w",173,25,2.44,0.568862275449102,0.175426372267621
"318",2,"s",167,23,3.28,0.568862275449102,0.17545612963827
"319",2,"w",169,25,2.44,0.562874251497006,0.175460563955868
"320",2,"w",169,19,2.44,0.562874251497006,0.175461113733702
"321",4,"t",167,19,3.94999999999999,0.568862275449102,0.175469252188358
"322",2,"w",169,23,2.44,0.562874251497006,0.175470959298427
"323",2,"t",176,21,3.95,0.562874251497006,0.17548777546067
"324",3,"t",176,21,4.10999999999999,0.562874251497006,0.17548777546067
"325",2,"w",167,23,2.44,0.562874251497006,0.175494444490519
"326",2,"t",176,23,3.95,0.562874251497006,0.175519316885997
"327",3,"t",176,23,4.10999999999999,0.562874251497006,0.175519316885997
"328",4,"s",167,21,2.81,0.55688622754491,0.175541693627484
"329",4,"t",173,19,3.94999999999999,0.568862275449102,0.175569995019529
"330",2,"w",164,19,2.44,0.562874251497006,0.175573754879414
"331",3,"s",177,25,2.88,0.598802395209581,0.175575937967354
"332",4,"s",172,25,2.81,0.562874251497006,0.175577968728414
"333",4,"s",173,25,2.81,0.568862275449102,0.175583222702922
"334",2,"t",164,19,3.95,0.568862275449102,0.175600067538112
"335",3,"t",164,19,4.10999999999999,0.568862275449102,0.175600067538112
"336",2,"w",165,19,2.44,0.574850299401198,0.175601581652662
"337",2,"s",164,21,3.28,0.55688622754491,0.175609238543126
"338",2,"s",165,25,3.28,0.550898203592814,0.175626719058249
"339",2,"w",169,21,2.44,0.562874251497006,0.175634404814196
"340",4,"s",173,23,2.81,0.568862275449102,0.175643184074049
"341",2,"t",165,21,3.95,0.586826347305389,0.175666741068218
"342",3,"t",165,21,4.10999999999999,0.586826347305389,0.175666741068218
"343",2,"s",160,23,3.28,0.568862275449102,0.175666900720279
"344",4,"t",172,23,3.94999999999999,0.562874251497006,0.175677725111439
"345",3,"w",165,21,2,0.568862275449102,0.175695556051809
"346",3,"w",168,21,2,0.550898203592814,0.175697021762478
"347",2,"w",165,25,2.44,0.55688622754491,0.175698143583821
"348",2,"w",160,25,2.44,0.574850299401198,0.175703821495985
"349",2,"t",180,25,3.95,0.586826347305389,0.175705530351307
"350",3,"t",180,25,4.10999999999999,0.586826347305389,0.175705530351307
"351",2,"w",164,21,2.44,0.562874251497006,0.175708743627873
"352",4,"s",172,23,2.81,0.562874251497006,0.175710249512815
"353",2,"t",166,21,3.95,0.580838323353293,0.17571925071997
"354",3,"t",166,21,4.10999999999999,0.580838323353293,0.17571925071997
"355",2,"t",161,23,3.95,0.580838323353293,0.175750603917486
"356",3,"t",161,23,4.10999999999999,0.580838323353293,0.175750603917486
"357",4,"w",180,25,1.91999999999996,0.580838323353293,0.175756805344508
"358",4,"w",168,21,1.91999999999996,0.550898203592814,0.175765228022822
"359",4,"s",172,21,2.81,0.55688622754491,0.175768625860963
"360",4,"t",179,21,3.94999999999999,0.544910179640719,0.175778901772382
"361",4,"t",175,25,3.94999999999999,0.568862275449102,0.175780383555993
"362",2,"s",176,23,3.28,0.574850299401198,0.175799951288537
"363",2,"t",180,23,3.95,0.580838323353293,0.175813151643947
"364",3,"t",180,23,4.10999999999999,0.580838323353293,0.175813151643947
"365",3,"w",180,25,2,0.580838323353293,0.175850866054976
"366",2,"t",161,21,3.95,0.55688622754491,0.175857587097417
"367",3,"t",161,21,4.10999999999999,0.55688622754491,0.175857587097417
"368",2,"s",164,19,3.28,0.55688622754491,0.175904127322334
"369",3,"s",168,19,2.88,0.568862275449102,0.175928397993634
"370",4,"s",176,25,2.81,0.586826347305389,0.175933235202978
"371",2,"w",172,19,2.44,0.586826347305389,0.175935780264122
"372",4,"w",180,23,1.91999999999996,0.580838323353293,0.175955125075341
"373",2,"t",179,19,3.95,0.550898203592814,0.175965119976379
"374",3,"t",179,19,4.10999999999999,0.550898203592814,0.175965119976379
"375",4,"t",167,21,3.94999999999999,0.55688622754491,0.175965754165101
"376",2,"s",160,25,3.28,0.568862275449102,0.175966332160576
"377",4,"t",171,25,3.94999999999999,0.55688622754491,0.175977182824349
"378",2,"s",172,19,3.28,0.586826347305389,0.176009316851868
"379",2,"t",177,19,3.95,0.586826347305389,0.176020297050611
"380",3,"t",177,19,4.10999999999999,0.586826347305389,0.176020297050611
"381",4,"t",176,25,3.94999999999999,0.568862275449102,0.176031864705616
"382",2,"w",165,23,2.44,0.55688622754491,0.176041542779832
"383",2,"t",161,25,3.95,0.574850299401198,0.176049939368164
"384",3,"t",161,25,4.10999999999999,0.574850299401198,0.176049939368164
"385",2,"s",176,21,3.28,0.574850299401198,0.176062792199638
"386",4,"w",177,19,1.91999999999996,0.598802395209581,0.176070190748092
"387",3,"w",180,23,2,0.574850299401198,0.176070817623856
"388",2,"t",168,19,3.95,0.568862275449102,0.176083180745961
"389",3,"t",168,19,4.10999999999999,0.568862275449102,0.176083180745961
"390",3,"w",176,25,2,0.562874251497006,0.176107363316761
"391",4,"w",163,19,1.91999999999996,0.562874251497006,0.176136092674696
"392",4,"s",179,19,2.81,0.544910179640719,0.17614700737593
"393",4,"w",176,25,1.91999999999996,0.586826347305389,0.176153580164298
"394",4,"w",167,23,1.91999999999996,0.574850299401198,0.176191541646159
"395",2,"w",176,25,2.44,0.574850299401198,0.17619261862973
"396",3,"s",177,21,2.88,0.592814371257485,0.176220079007665
"397",3,"s",168,25,2.88,0.586826347305389,0.176222152287603
"398",4,"t",178,19,3.94999999999999,0.55688622754491,0.176234140134155
"399",3,"s",177,23,2.88,0.592814371257485,0.176239789314693
"400",2,"w",172,21,2.44,0.562874251497006,0.176241695123965
"401",3,"s",171,25,2.88,0.568862275449102,0.176279917628393
"402",3,"w",174,19,2,0.604790419161677,0.176281647826618
"403",2,"w",172,23,2.44,0.568862275449102,0.176298183689871
"404",3,"s",179,19,2.88,0.550898203592814,0.17629839236357
"405",3,"w",161,21,2,0.562874251497006,0.17635041401151
"406",2,"s",161,21,3.28,0.55688622754491,0.176353899381823
"407",4,"t",179,19,3.94999999999999,0.550898203592814,0.176358236019342
"408",2,"s",165,23,3.28,0.562874251497006,0.176372787240152
"409",3,"w",166,21,2,0.586826347305389,0.17638375077559
"410",2,"w",174,19,2.44,0.586826347305389,0.17639490796797
"411",4,"t",180,25,3.94999999999999,0.568862275449102,0.176430275688959
"412",3,"s",180,21,2.88,0.580838323353293,0.176438792624
"413",3,"s",163,19,2.88,0.580838323353293,0.176448583045962
"414",3,"w",163,19,2,0.580838323353293,0.176468006115041
"415",3,"s",176,25,2.88,0.562874251497006,0.17647789674039
"416",4,"w",174,19,1.91999999999996,0.610778443113772,0.176493500326441
"417",4,"t",173,23,3.94999999999999,0.574850299401198,0.176495692640733
"418",2,"t",177,25,3.95,0.598802395209581,0.176524099533181
"419",3,"t",177,25,4.10999999999999,0.598802395209581,0.176524099533181
"420",3,"s",164,25,2.88,0.550898203592814,0.176524249644827
"421",4,"s",179,21,2.81,0.544910179640719,0.17654134404662
"422",4,"t",166,25,3.94999999999999,0.568862275449102,0.176542017602135
"423",4,"t",173,25,3.94999999999999,0.562874251497006,0.176554295076855
"424",4,"t",171,23,3.94999999999999,0.550898203592814,0.176565300408245
"425",3,"w",161,19,2,0.568862275449102,0.176570053895074
"426",4,"s",166,25,2.81,0.562874251497006,0.176576769326927
"427",4,"t",175,23,3.94999999999999,0.568862275449102,0.176584946157053
"428",2,"w",165,21,2.44,0.562874251497006,0.17660034098088
"429",3,"s",161,21,2.88,0.586826347305389,0.17661622921901
"430",3,"w",168,19,2,0.568862275449102,0.176627513090496
"431",2,"w",161,21,2.44,0.568862275449102,0.176631740396639
"432",2,"s",172,21,3.28,0.550898203592814,0.176660123167873
"433",4,"w",179,19,1.91999999999996,0.568862275449102,0.176669262896146
"434",2,"w",161,19,2.44,0.580838323353293,0.176686812513937
"435",4,"w",168,19,1.91999999999996,0.568862275449102,0.176703575851848
"436",4,"t",175,19,3.94999999999999,0.574850299401198,0.176715564326042
"437",4,"w",161,21,1.91999999999996,0.568862275449102,0.176718161672543
"438",4,"t",172,19,3.94999999999999,0.562874251497006,0.176724390557979
"439",4,"t",180,23,3.94999999999999,0.568862275449102,0.176736620106035
"440",2,"t",176,25,3.95,0.586826347305389,0.176754700533948
"441",3,"t",176,25,4.10999999999999,0.586826347305389,0.176754700533948
"442",2,"w",168,21,2.44,0.55688622754491,0.176768020263256
"443",4,"t",170,23,3.94999999999999,0.580838323353293,0.176772687777998
"444",4,"t",170,21,3.94999999999999,0.586826347305389,0.176775863313986
"445",2,"s",161,23,3.28,0.55688622754491,0.1767836819696
"446",3,"s",168,23,2.88,0.580838323353293,0.176788819605333
"447",4,"w",170,21,1.91999999999996,0.550898203592814,0.176811511915748
"448",3,"w",170,21,2,0.568862275449102,0.176814354398514
"449",4,"s",180,25,2.81,0.55688622754491,0.176817468011351
"450",4,"w",174,21,1.91999999999996,0.592814371257485,0.176818845282462
"451",2,"s",172,23,3.28,0.538922155688623,0.176823284947964
"452",3,"w",161,25,2,0.568862275449102,0.176825898921843
"453",4,"t",171,21,3.94999999999999,0.550898203592814,0.176828725850595
"454",3,"w",174,21,2,0.604790419161677,0.176829278950142
"455",3,"s",161,23,2.88,0.580838323353293,0.176835841875389
"456",3,"s",171,23,2.88,0.562874251497006,0.176858081717982
"457",4,"w",166,23,1.91999999999996,0.568862275449102,0.176868065523462
"458",3,"w",161,23,2,0.568862275449102,0.176869588023984
"459",4,"t",178,25,3.94999999999999,0.562874251497006,0.176885498114534
"460",2,"s",168,21,3.28,0.544910179640719,0.176886033422856
"461",2,"t",180,21,3.95,0.580838323353293,0.176890684739762
"462",3,"t",180,21,4.10999999999999,0.580838323353293,0.176890684739762
"463",2,"t",161,19,3.95,0.568862275449102,0.176911772187193
"464",3,"t",161,19,4.10999999999999,0.568862275449102,0.176911772187193
"465",2,"s",165,21,3.28,0.574850299401198,0.176918655263671
"466",4,"w",161,23,1.91999999999996,0.568862275449102,0.176922411376552
"467",4,"w",161,25,1.91999999999996,0.568862275449102,0.17693059675508
"468",3,"s",161,19,2.88,0.574850299401198,0.176938633553318
"469",4,"s",163,19,2.81,0.562874251497006,0.176950522990365
"470",4,"w",170,23,1.91999999999996,0.544910179640719,0.176993964424923
"471",4,"s",171,25,2.81,0.550898203592814,0.176996152546296
"472",4,"s",175,25,2.81,0.55688622754491,0.177009369903683
"473",4,"t",175,21,3.94999999999999,0.55688622754491,0.177010803780621
"474",3,"s",166,23,2.88,0.592814371257485,0.177024621568713
"475",2,"s",176,25,3.28,0.586826347305389,0.177026426023184
"476",2,"s",161,25,3.28,0.55688622754491,0.177028443606892
"477",3,"s",161,25,2.88,0.586826347305389,0.177030228333362
"478",3,"s",171,21,2.88,0.574850299401198,0.177031987692037
"479",3,"s",174,19,2.88,0.604790419161677,0.177056085764545
"480",2,"t",168,25,3.95,0.580838323353293,0.17705821640507
"481",3,"t",168,25,4.10999999999999,0.580838323353293,0.17705821640507
"482",2,"w",174,21,2.44,0.592814371257485,0.177059725268057
"483",3,"s",170,25,2.88,0.562874251497006,0.177084383895827
"484",2,"s",174,19,3.28,0.574850299401198,0.177094111302958
"485",4,"w",164,25,1.91999999999996,0.55688622754491,0.177105473097634
"486",4,"s",168,21,2.81,0.55688622754491,0.177106938754159
"487",4,"s",172,19,2.81,0.55688622754491,0.177118396563726
"488",4,"w",161,19,1.91999999999996,0.580838323353293,0.177120117930687
"489",3,"w",170,23,2,0.568862275449102,0.177134453889019
"490",3,"s",179,21,2.88,0.55688622754491,0.177138547584576
"491",2,"w",171,19,2.44,0.574850299401198,0.177144032746728
"492",2,"w",163,19,2.44,0.568862275449102,0.177162685203918
"493",2,"t",170,25,3.95,0.586826347305389,0.177200437679033
"494",3,"t",170,25,4.10999999999999,0.586826347305389,0.177200437679033
"495",3,"s",174,21,2.88,0.598802395209581,0.177205433544818
"496",2,"w",161,25,2.44,0.55688622754491,0.177207339731135
"497",4,"t",161,23,3.94999999999999,0.568862275449102,0.177208141408574
"498",3,"w",180,21,2,0.574850299401198,0.177218162256606
"499",4,"s",180,23,2.81,0.562874251497006,0.177223514781815
"500",3,"w",179,19,2,0.568862275449102,0.177227199180564
"501",4,"t",178,21,3.94999999999999,0.562874251497006,0.177230955018164
"502",4,"s",178,19,2.81,0.568862275449102,0.1772528568589
"503",4,"t",168,21,3.94999999999999,0.562874251497006,0.177259075300895
"504",3,"s",180,19,2.88,0.568862275449102,0.177259979739898
"505",3,"s",178,19,2.88,0.598802395209581,0.177270512061479
"506",2,"w",161,23,2.44,0.55688622754491,0.177285788645164
"507",2,"t",163,19,3.95,0.562874251497006,0.177285828819803
"508",3,"t",163,19,4.10999999999999,0.562874251497006,0.177285828819803
"509",2,"w",180,25,2.44,0.562874251497006,0.177293300135592
"510",2,"w",168,19,2.44,0.580838323353293,0.177308163519318
"511",4,"w",177,25,1.91999999999996,0.586826347305389,0.17731150790462
"512",4,"t",178,23,3.94999999999999,0.568862275449102,0.177311895325833
"513",2,"s",161,19,3.28,0.562874251497006,0.177336399559238
"514",2,"t",174,19,3.95,0.586826347305389,0.177356089509926
"515",3,"t",174,19,4.10999999999999,0.586826347305389,0.177356089509926
"516",2,"w",166,19,2.44,0.574850299401198,0.17735959686552
"517",2,"t",179,21,3.95,0.562874251497006,0.177362746573286
"518",3,"t",179,21,4.10999999999999,0.562874251497006,0.177362746573286
"519",2,"t",174,21,3.95,0.586826347305389,0.177377092952798
"520",3,"t",174,21,4.10999999999999,0.586826347305389,0.177377092952798
"521",4,"t",161,25,3.94999999999999,0.568862275449102,0.17737824161324
"522",4,"t",168,25,3.94999999999999,0.55688622754491,0.177408932383519
"523",3,"s",178,25,2.88,0.586826347305389,0.177411652558738
"524",2,"s",171,19,3.28,0.55688622754491,0.177417978259347
"525",2,"t",168,23,3.95,0.586826347305389,0.177426456533349
"526",3,"t",168,23,4.10999999999999,0.586826347305389,0.177426456533349
"527",4,"w",180,21,1.91999999999996,0.574850299401198,0.177429894160064
"528",4,"s",171,23,2.81,0.544910179640719,0.177433632053767
"529",4,"w",171,25,1.91999999999996,0.55688622754491,0.177460058907939
"530",2,"t",170,19,3.95,0.562874251497006,0.177486364755776
"531",3,"t",170,19,4.10999999999999,0.562874251497006,0.177486364755776
"532",4,"s",164,25,2.81,0.538922155688623,0.177491165227627
"533",3,"s",175,25,2.88,0.580838323353293,0.177510451081919
"534",4,"w",178,19,1.91999999999996,0.592814371257485,0.17751483237085
"535",3,"w",168,25,2,0.568862275449102,0.177518183404599
"536",3,"w",164,25,2,0.562874251497006,0.177521078515901
"537",4,"w",163,25,1.91999999999996,0.580838323353293,0.177536554109926
"538",4,"s",161,23,2.81,0.574850299401198,0.177543619348087
"539",4,"w",168,25,1.91999999999996,0.550898203592814,0.177549433561281
"540",4,"t",179,23,3.94999999999999,0.532934131736527,0.177563526944093
"541",3,"s",170,19,2.88,0.55688622754491,0.177566610737505
"542",3,"w",177,19,2,0.586826347305389,0.177577762136667
"543",4,"t",161,21,3.94999999999999,0.562874251497006,0.177580673052983
"544",2,"w",180,23,2.44,0.55688622754491,0.17758577297124
"545",2,"s",168,19,3.28,0.568862275449102,0.17759767294764
"546",4,"s",170,23,2.81,0.574850299401198,0.177605469322116
"547",4,"s",170,21,2.81,0.568862275449102,0.177620701052425
"548",4,"w",163,23,1.91999999999996,0.568862275449102,0.177621527321032
"549",2,"s",174,21,3.28,0.586826347305389,0.177635002359773
"550",4,"t",164,25,3.94999999999999,0.55688622754491,0.177635486361861
"551",4,"t",167,23,3.94999999999999,0.550898203592814,0.177642364442156
"552",4,"s",161,25,2.81,0.574850299401198,0.177655374681345
"553",2,"t",166,23,3.95,0.580838323353293,0.177658443546166
"554",3,"t",166,23,4.10999999999999,0.580838323353293,0.177658443546166
"555",4,"s",175,19,2.81,0.574850299401198,0.177661599077098
"556",2,"t",167,25,3.95,0.562874251497006,0.177673401852263
"557",3,"t",167,25,4.10999999999999,0.562874251497006,0.177673401852263
"558",4,"s",161,21,2.81,0.55688622754491,0.177705802815392
"559",4,"t",179,25,3.94999999999999,0.538922155688623,0.177710392953912
"560",4,"s",171,21,2.81,0.550898203592814,0.17771075555565
"561",4,"t",168,19,3.94999999999999,0.55688622754491,0.17771138027691
"562",2,"t",177,21,3.95,0.586826347305389,0.177716117460832
"563",3,"t",177,21,4.10999999999999,0.586826347305389,0.177716117460832
"564",3,"w",167,25,2,0.580838323353293,0.177736028657668
"565",2,"s",163,19,3.28,0.574850299401198,0.177739172108251
"566",4,"t",163,19,3.94999999999999,0.568862275449102,0.177748518148077
"567",2,"w",172,25,2.44,0.55688622754491,0.177763751558777
"568",2,"w",167,25,2.44,0.586826347305389,0.177770373364505
"569",3,"s",174,25,2.88,0.604790419161677,0.177770718063901
"570",3,"s",167,25,2.88,0.580838323353293,0.177777059135285
"571",2,"w",166,21,2.44,0.562874251497006,0.177783681323008
"572",2,"s",167,25,3.28,0.580838323353293,0.177787334988678
"573",3,"w",178,19,2,0.592814371257485,0.177787386000052
"574",4,"w",178,25,1.91999999999996,0.586826347305389,0.177795947233602
"575",4,"s",168,19,2.81,0.562874251497006,0.177808606920714
"576",4,"w",177,21,1.91999999999996,0.592814371257485,0.177821391435252
"577",2,"t",177,23,3.95,0.586826347305389,0.177827183915093
"578",3,"t",177,23,4.10999999999999,0.586826347305389,0.177827183915093
"579",4,"w",179,21,1.91999999999996,0.568862275449102,0.177829434932224
"580",4,"s",167,23,2.81,0.55688622754491,0.177832642997677
"581",3,"s",166,25,2.88,0.574850299401198,0.177852984909056
"582",2,"t",171,25,3.95,0.562874251497006,0.177859052741916
"583",3,"t",171,25,4.10999999999999,0.562874251497006,0.177859052741916
"584",3,"w",163,25,2,0.574850299401198,0.177870120978239
"585",4,"w",171,23,1.91999999999996,0.55688622754491,0.177882679827898
"586",4,"t",168,23,3.94999999999999,0.562874251497006,0.177883281409032
"587",2,"s",166,19,3.28,0.562874251497006,0.177885905641726
"588",4,"w",177,23,1.91999999999996,0.580838323353293,0.177890144234046
"589",3,"w",163,23,2,0.568862275449102,0.177920484088946
"590",3,"s",178,23,2.88,0.580838323353293,0.17793814042598
"591",2,"s",179,19,3.28,0.538922155688623,0.177941531137063
"592",3,"s",174,23,2.88,0.616766467065868,0.177962332845109
"593",3,"s",178,21,2.88,0.592814371257485,0.177971318375398
"594",2,"s",170,21,3.28,0.580838323353293,0.177977850273502
"595",2,"t",174,25,3.95,0.586826347305389,0.177988810267929
"596",3,"t",174,25,4.10999999999999,0.586826347305389,0.177988810267929
"597",3,"s",175,21,2.88,0.604790419161677,0.177990244002234
"598",4,"s",178,25,2.81,0.574850299401198,0.177997731325892
"599",4,"w",171,21,1.91999999999996,0.55688622754491,0.17806919839737
"600",4,"w",168,23,1.91999999999996,0.550898203592814,0.178074912269933
"601",3,"w",178,25,2,0.580838323353293,0.178075503540841
"602",4,"s",175,23,2.81,0.55688622754491,0.178079452938901
"603",4,"s",174,21,2.81,0.592814371257485,0.178080793947567
"604",4,"w",166,25,1.91999999999996,0.562874251497006,0.178087385087168
"605",4,"w",174,25,1.91999999999996,0.580838323353293,0.178090285385321
"606",2,"t",163,25,3.95,0.568862275449102,0.17810195161745
"607",3,"t",163,25,4.10999999999999,0.568862275449102,0.17810195161745
"608",3,"w",168,23,2,0.574850299401198,0.178102683822796
"609",4,"t",161,19,3.94999999999999,0.574850299401198,0.178119376122581
"610",4,"s",174,19,2.81,0.580838323353293,0.178120304887454
"611",3,"s",175,23,2.88,0.580838323353293,0.178129988432053
"612",2,"s",166,21,3.28,0.562874251497006,0.178138327003409
"613",4,"w",178,23,1.91999999999996,0.586826347305389,0.178148394661134
"614",4,"w",175,25,1.91999999999996,0.574850299401198,0.178165422913808
"615",4,"s",168,25,2.81,0.550898203592814,0.17817406727378
"616",2,"t",180,19,3.95,0.586826347305389,0.178180688730523
"617",3,"t",180,19,4.10999999999999,0.586826347305389,0.178180688730523
"618",4,"w",178,21,1.91999999999996,0.598802395209581,0.178183174332345
"619",2,"w",178,19,2.44,0.598802395209581,0.178189184414351
"620",4,"w",174,23,1.91999999999996,0.574850299401198,0.17818967688433
"621",2,"s",180,23,3.28,0.574850299401198,0.178193368904665
"622",2,"s",163,25,3.28,0.562874251497006,0.178198928838907
"623",2,"w",180,21,2.44,0.574850299401198,0.178201499436217
"624",2,"s",180,25,3.28,0.55688622754491,0.178210983481958
"625",4,"s",178,21,2.81,0.574850299401198,0.1782194433131
"626",4,"w",163,21,1.91999999999996,0.568862275449102,0.178227642184597
"627",2,"w",164,25,2.44,0.562874251497006,0.178232144336254
"628",2,"t",164,25,3.95,0.544910179640719,0.178246047997478
"629",3,"t",164,25,4.10999999999999,0.544910179640719,0.178246047997478
"630",4,"s",174,23,2.81,0.574850299401198,0.178249542609073
"631",4,"s",161,19,2.81,0.574850299401198,0.178249708740614
"632",2,"t",163,23,3.95,0.568862275449102,0.178251392270058
"633",3,"t",163,23,4.10999999999999,0.568862275449102,0.178251392270058
"634",3,"w",174,25,2,0.598802395209581,0.178253905815972
"635",2,"w",163,25,2.44,0.574850299401198,0.178265723035087
"636",4,"s",178,23,2.81,0.568862275449102,0.178284165820964
"637",3,"w",171,25,2,0.562874251497006,0.178300779724177
"638",2,"s",163,23,3.28,0.562874251497006,0.178307417294686
"639",2,"w",179,19,2.44,0.562874251497006,0.178315420521461
"640",4,"s",175,21,2.81,0.550898203592814,0.178321363717094
"641",4,"t",174,23,3.94999999999999,0.574850299401198,0.178324618210994
"642",3,"w",180,19,2,0.574850299401198,0.178325198422594
"643",2,"s",170,23,3.28,0.580838323353293,0.178325853888923
"644",4,"s",163,25,2.81,0.55688622754491,0.178328938903671
"645",2,"w",163,23,2.44,0.568862275449102,0.178331277143163
"646",3,"s",163,25,2.88,0.592814371257485,0.178397538990418
"647",2,"w",170,21,2.44,0.574850299401198,0.178397684877616
"648",2,"t",174,23,3.95,0.598802395209581,0.178404868958076
"649",3,"t",174,23,4.10999999999999,0.598802395209581,0.178404868958076
"650",3,"s",175,19,2.88,0.592814371257485,0.178425789555978
"651",3,"w",166,23,2,0.580838323353293,0.178434842130894
"652",4,"w",167,25,1.91999999999996,0.562874251497006,0.178435928757793
"653",2,"t",178,19,3.95,0.598802395209581,0.178439859371314
"654",3,"t",178,19,4.10999999999999,0.598802395209581,0.178439859371314
"655",3,"s",162,23,2.88,0.586826347305389,0.178440521387032
"656",3,"s",162,25,2.88,0.574850299401198,0.178451598515841
"657",3,"w",179,21,2,0.568862275449102,0.178494359127983
"658",4,"s",163,21,2.81,0.55688622754491,0.178513423430667
"659",3,"w",178,23,2,0.586826347305389,0.178515154491655
"660",3,"s",163,23,2.88,0.580838323353293,0.178515262359505
"661",2,"w",178,25,2.44,0.568862275449102,0.178521388086518
"662",4,"w",180,19,1.91999999999996,0.580838323353293,0.178543873732231
"663",4,"s",174,25,2.81,0.580838323353293,0.178545587285989
"664",4,"s",163,23,2.81,0.550898203592814,0.178549205474341
"665",3,"w",178,21,2,0.604790419161677,0.178552503578267
"666",2,"s",180,21,3.28,0.562874251497006,0.178563688585486
"667",4,"s",179,25,2.81,0.544910179640719,0.178572705409045
"668",4,"t",174,21,3.94999999999999,0.574850299401198,0.178578720409281
"669",4,"s",179,23,2.81,0.532934131736527,0.178579077186986
"670",3,"w",174,23,2,0.610778443113772,0.178594983987703
"671",2,"s",172,25,3.28,0.550898203592814,0.178597774328057
"672",3,"w",171,21,2,0.562874251497006,0.178598802861103
"673",3,"w",171,23,2,0.568862275449102,0.178612219783505
"674",4,"t",180,21,3.94999999999999,0.568862275449102,0.178618881591588
"675",2,"w",168,25,2.44,0.580838323353293,0.178619696196583
"676",4,"s",168,23,2.81,0.562874251497006,0.178686951116059
"677",3,"s",163,21,2.88,0.574850299401198,0.178688467916169
"678",2,"w",170,23,2.44,0.568862275449102,0.178695779460875
"679",2,"t",163,21,3.95,0.568862275449102,0.178751549259787
"680",3,"t",163,21,4.10999999999999,0.568862275449102,0.178751549259787
"681",2,"t",178,25,3.95,0.568862275449102,0.178760508573298
"682",3,"t",178,25,4.10999999999999,0.568862275449102,0.178760508573298
"683",4,"t",174,25,3.94999999999999,0.574850299401198,0.17882620695476
"684",3,"w",177,25,2,0.562874251497006,0.178827847537268
"685",4,"t",180,19,3.94999999999999,0.568862275449102,0.178842826319906
"686",3,"w",163,21,2,0.574850299401198,0.178864293568169
"687",2,"w",178,23,2.44,0.580838323353293,0.178885105566516
"688",2,"t",171,23,3.95,0.55688622754491,0.178895423787005
"689",3,"t",171,23,4.10999999999999,0.55688622754491,0.178895423787005
"690",2,"t",166,25,3.95,0.568862275449102,0.178921793106853
"691",3,"t",166,25,4.10999999999999,0.568862275449102,0.178921793106853
"692",2,"t",171,21,3.95,0.55688622754491,0.178922230073511
"693",3,"t",171,21,4.10999999999999,0.55688622754491,0.178922230073511
"694",2,"w",178,21,2.44,0.592814371257485,0.178964880314728
"695",2,"t",162,23,3.95,0.574850299401198,0.178974111852134
"696",3,"t",162,23,4.10999999999999,0.574850299401198,0.178974111852134
"697",4,"t",163,21,3.94999999999999,0.550898203592814,0.178977545631576
"698",2,"w",174,25,2.44,0.580838323353293,0.178984486239913
"699",4,"s",180,21,2.81,0.568862275449102,0.178985739827041
"700",2,"s",178,19,3.28,0.568862275449102,0.179013681381425
"701",4,"w",175,23,1.91999999999996,0.562874251497006,0.179028198467688
"702",3,"s",179,25,2.88,0.574850299401198,0.179038679735065
"703",4,"s",162,25,2.81,0.55688622754491,0.17904598309597
"704",4,"w",175,21,1.91999999999996,0.586826347305389,0.179072352074359
"705",4,"t",174,19,3.94999999999999,0.574850299401198,0.179087129682363
"706",4,"w",175,19,1.91999999999996,0.598802395209581,0.179087202959582
"707",3,"s",162,19,2.88,0.574850299401198,0.179094247001733
"708",4,"s",162,23,2.81,0.580838323353293,0.179141900963721
"709",2,"w",174,23,2.44,0.586826347305389,0.179145180134148
"710",2,"t",179,25,3.95,0.574850299401198,0.179173403585402
"711",3,"t",179,25,4.10999999999999,0.574850299401198,0.179173403585402
"712",2,"t",178,23,3.95,0.580838323353293,0.179204019839983
"713",3,"t",178,23,4.10999999999999,0.580838323353293,0.179204019839983
"714",2,"t",178,21,3.95,0.55688622754491,0.179204221413882
"715",3,"t",178,21,4.10999999999999,0.55688622754491,0.179204221413882
"716",3,"s",162,21,2.88,0.592814371257485,0.179205003259906
"717",4,"t",170,25,3.94999999999999,0.580838323353293,0.179211214485213
"718",4,"w",170,25,1.91999999999996,0.580838323353293,0.179222595513086
"719",2,"w",168,23,2.44,0.568862275449102,0.179229633247693
"720",2,"s",164,25,3.28,0.562874251497006,0.17923107754544
"721",3,"w",177,21,2,0.580838323353293,0.179236557121943
"722",2,"t",162,25,3.95,0.574850299401198,0.179252076187636
"723",3,"t",162,25,4.10999999999999,0.574850299401198,0.179252076187636
"724",3,"w",166,25,2,0.562874251497006,0.179259893156085
"725",3,"s",179,23,2.88,0.568862275449102,0.179316194889998
"726",3,"w",177,23,2,0.580838323353293,0.179325428685808
"727",3,"w",170,19,2,0.562874251497006,0.179336017294713
"728",2,"w",180,19,2.44,0.550898203592814,0.179348673608047
"729",3,"w",170,25,2,0.592814371257485,0.179385219822212
"730",2,"t",175,25,3.95,0.562874251497006,0.179399288910784
"731",3,"t",175,25,4.10999999999999,0.562874251497006,0.179399288910784
"732",4,"w",162,23,1.91999999999996,0.580838323353293,0.179405864962193
"733",4,"w",162,25,1.91999999999996,0.586826347305389,0.179437133652289
"734",2,"s",178,25,3.28,0.562874251497006,0.179457910054383
"735",4,"w",170,19,1.91999999999996,0.580838323353293,0.179482850156356
"736",2,"s",163,21,3.28,0.55688622754491,0.179489427685168
"737",4,"t",162,25,3.94999999999999,0.580838323353293,0.179490510037784
"738",2,"w",163,21,2.44,0.562874251497006,0.179516953823656
"739",2,"t",162,21,3.95,0.580838323353293,0.179518293211273
"740",3,"t",162,21,4.10999999999999,0.580838323353293,0.179518293211273
"741",2,"s",174,25,3.28,0.580838323353293,0.179523892567569
"742",2,"s",168,25,3.28,0.568862275449102,0.179543564014874
"743",2,"w",179,21,2.44,0.580838323353293,0.179544466734722
"744",2,"t",162,19,3.95,0.592814371257485,0.17957278955152
"745",3,"t",162,19,4.10999999999999,0.592814371257485,0.17957278955152
"746",4,"w",179,25,1.91999999999996,0.562874251497006,0.179575417742592
"747",2,"t",179,23,3.95,0.55688622754491,0.179576960407289
"748",3,"t",179,23,4.10999999999999,0.55688622754491,0.179576960407289
"749",4,"t",167,25,3.94999999999999,0.562874251497006,0.179644264021009
"750",2,"w",177,19,2.44,0.574850299401198,0.179650011525955
"751",2,"s",174,23,3.28,0.574850299401198,0.179651457850829
"752",3,"w",175,25,2,0.586826347305389,0.179663667252783
"753",4,"t",170,19,3.94999999999999,0.580838323353293,0.179668214655904
"754",4,"s",180,19,2.81,0.544910179640719,0.179680207262134
"755",2,"s",179,21,3.28,0.544910179640719,0.179683785171105
"756",2,"s",178,23,3.28,0.550898203592814,0.17975702857046
"757",2,"w",166,23,2.44,0.562874251497006,0.179806046576058
"758",2,"s",178,21,3.28,0.55688622754491,0.179897690365595
"759",3,"w",179,25,2,0.562874251497006,0.179903407655097
"760",4,"s",167,25,2.81,0.562874251497006,0.179908651436906
"761",2,"s",168,23,3.28,0.562874251497006,0.17996291413425
"762",2,"s",177,19,3.28,0.574850299401198,0.180004859503462
"763",2,"t",175,21,3.95,0.574850299401198,0.180005825275925
"764",3,"t",175,21,4.10999999999999,0.574850299401198,0.180005825275925
"765",2,"t",175,23,3.95,0.568862275449102,0.180008647081506
"766",3,"t",175,23,4.10999999999999,0.568862275449102,0.180008647081506
"767",2,"w",171,21,2.44,0.574850299401198,0.18003039043946
"768",4,"t",163,25,3.94999999999999,0.544910179640719,0.180099653332522
"769",4,"t",162,23,3.94999999999999,0.55688622754491,0.180105605610359
"770",4,"w",179,23,1.91999999999996,0.568862275449102,0.180174677808598
"771",2,"s",180,19,3.28,0.550898203592814,0.180182719794711
"772",2,"s",166,23,3.28,0.562874251497006,0.180201319584409
"773",4,"t",163,23,3.94999999999999,0.550898203592814,0.18021544792537
"774",4,"w",162,19,1.91999999999996,0.574850299401198,0.180329252640917
"775",2,"w",171,23,2.44,0.562874251497006,0.180336951826805
"776",4,"s",170,19,2.81,0.562874251497006,0.180366054737199
"777",4,"s",162,19,2.81,0.598802395209581,0.180370312514891
"778",3,"w",175,23,2,0.574850299401198,0.180386631735653
"779",4,"s",170,25,2.81,0.586826347305389,0.180391806991769
"780",2,"s",170,19,3.28,0.55688622754491,0.180402941685839
"781",3,"w",175,21,2,0.586826347305389,0.180408254749834
"782",2,"t",175,19,3.95,0.586826347305389,0.180518500699128
"783",3,"t",175,19,4.10999999999999,0.586826347305389,0.180518500699128
"784",2,"w",171,25,2.44,0.568862275449102,0.180554714773629
"785",2,"w",179,25,2.44,0.568862275449102,0.180559993223298
"786",3,"w",175,19,2,0.580838323353293,0.180566863752314
"787",4,"w",162,21,1.91999999999996,0.598802395209581,0.180576803631894
"788",2,"w",166,25,2.44,0.568862275449102,0.180614229619252
"789",2,"w",170,19,2.44,0.562874251497006,0.180650436308097
"790",3,"w",162,23,2,0.550898203592814,0.180663734919995
"791",4,"t",162,19,3.94999999999999,0.574850299401198,0.180678960754233
"792",2,"s",177,25,3.28,0.568862275449102,0.180680974263272
"793",3,"w",162,25,2,0.562874251497006,0.180685657708548
"794",2,"s",170,25,3.28,0.586826347305389,0.180756124719163
"795",2,"s",179,25,3.28,0.562874251497006,0.180786807594322
"796",4,"s",162,21,2.81,0.598802395209581,0.180792432678199
"797",2,"w",170,25,2.44,0.568862275449102,0.180879591496869
"798",3,"w",179,23,2,0.568862275449102,0.180941894761015
"799",2,"w",177,25,2.44,0.580838323353293,0.180951807144639
"800",2,"s",171,21,3.28,0.568862275449102,0.18099371874869
"801",2,"s",171,25,3.28,0.550898203592814,0.18105125767776
"802",2,"w",177,21,2.44,0.580838323353293,0.181068913095312
"803",2,"w",177,23,2.44,0.580838323353293,0.181073956695271
"804",3,"w",162,19,2,0.55688622754491,0.181120292101643
"805",4,"t",162,21,3.94999999999999,0.574850299401198,0.181209615482232
"806",2,"s",171,23,3.28,0.550898203592814,0.181295972714745
"807",2,"s",166,25,3.28,0.568862275449102,0.181339531677057
"808",2,"w",175,25,2.44,0.562874251497006,0.18137193093811
"809",3,"w",162,21,2,0.574850299401198,0.181385483137447
"810",2,"s",177,21,3.28,0.574850299401198,0.181464877254094
"811",2,"s",177,23,3.28,0.55688622754491,0.181580273524411
"812",2,"w",179,23,2.44,0.55688622754491,0.182055817865047
"813",2,"w",175,19,2.44,0.562874251497006,0.182151795428525
"814",2,"s",179,23,3.28,0.538922155688623,0.18219377402678
"815",2,"w",175,23,2.44,0.568862275449102,0.182287659876643
"816",2,"w",175,21,2.44,0.562874251497006,0.182389492689109
"817",2,"w",162,19,2.44,0.538922155688623,0.182672475581531
"818",2,"s",175,25,3.28,0.55688622754491,0.182723676570392
"819",2,"w",162,23,2.44,0.532934131736527,0.18283253725003
"820",2,"s",162,23,3.28,0.544910179640719,0.182856822596206
"821",2,"s",162,19,3.28,0.550898203592814,0.182888427327635
"822",2,"w",162,25,2.44,0.55688622754491,0.182948927489846
"823",2,"s",162,25,3.28,0.568862275449102,0.183299581817363
"824",2,"s",162,21,3.28,0.55688622754491,0.183306751106777
"825",2,"w",162,21,2.44,0.538922155688623,0.183315682159021
"826",2,"s",175,19,3.28,0.544910179640719,0.183574557965705
"827",2,"s",175,23,3.28,0.544910179640719,0.183640725462962
"828",2,"s",175,21,3.28,0.544910179640719,0.183700204598895
